"Beta","var"
-0.0350727449496576,0.00189496430052962
0.00672756009978645,0.0018511752614497
-0.086154918581126,0.00200675753889464
0.0120918279731304,0.00194623880252044
0.012815401990911,0.00196030980308517
